{"cameraMode":{"drawMode":0,"name":"Shaded","section":"Shading Mode"},"sceneLighting":true,"audioPlay":false,"sceneViewState":{"m_AlwaysRefresh":false,"showFog":true,"showSkybox":true,"showFlares":true,"showImageEffects":true,"showParticleSystems":true,"showVisualEffectGraphs":true,"m_FxEnabled":true},"in2DMode":false,"pivot":{"x":-1.2213306427001954,"y":-0.3935147523880005,"z":-5.977221488952637},"rotation":{"x":0.025959758087992669,"y":-0.859508752822876,"z":0.043872978538274768,"w":0.5085735321044922},"size":4.614948749542236,"orthographic":false}